{
    "name": "2N242",
    "kind": "PNP",
    "bf": 155,
    "is": 5.26794e-7,
    "vaf": 107.251,
    "nf": 1,
    "tf": 0.00000149973,
    "rb": 0.761982,
    "var": 40.317,
    "br": 3.99736,
    "ikf": 3,
    "ise": 3.28564e-7,
    "cje": 1.06985e-9,
    "cjc": 3.1679e-10,
    "ikr": 4.54005,
    "re": 0.192284,
    "rc": 0.0763438,
    "nr": 1,
    "ne": 2,
    "xtb": 1.50982,
    "tr": 0.0000030224
}