{
    "name": "2N3906",
    "kind": "PNP",
    "bf": 404,
    "vaf": 49.9575,
    "is": 3.98367e-14,
    "af": 1,
    "rc": 2.40615,
    "ise": 6.97877e-15,
    "br": 7.54371,
    "ikf": 0.0199475,
    "kf": 6.06298e-16,
    "cjc": 5.86445e-12,
    "cje": 6.3229e-12,
    "tf": 5.04327e-10,
    "tr": 2.31637e-8,
    "xtb": 1.49677,
    "ne": 1.17394
}