{
    "name": "2N3906_170",
    "kind": "PNP",
    "bf": 170,
    "is": 1.41367e-15,
    "vaf": 18.807,
    "nc": 2,
    "xtf": 6.00706,
    "rb": 10,
    "ikf": 0.080737,
    "fc": 0.498527,
    "ikr": 0,
    "itf": 0.401584,
    "vjc": 0.747388,
    "mje": 0.369884,
    "ise": 0,
    "cjc": 9.70343e-12,
    "cje": 8.13229e-12,
    "vtf": 3.99334,
    "tr": 3.37194e-8,
    "tf": 1.80925e-10,
    "xtb": 1.50201,
    "isc": 0,
    "rc": 2.5117,
    "ne": 1.51602,
    "vje": 0.75596,
    "mjc": 0.582619,
    "eg": 1.12098,
    "br": 4.99808,
    "xti": 3
}