{
    "name": "2N3906_210",
    "kind": "PNP",
    "bf": 210,
    "is": 1.39445e-11,
    "vaf": 24.1132,
    "ikf": 0.0100683,
    "mjc": 0.332965,
    "vtf": 10,
    "mje": 0.333813,
    "br": 0.0999157,
    "itf": 1,
    "var": 100.895,
    "cjc": 8.8655e-12,
    "cje": 1.18894e-11,
    "isc": 1.4032e-11,
    "tr": 1.00367e-8,
    "ikr": 0.0101109,
    "tf": 5.65944e-10,
    "xtf": 10
}