{
    "name": "AC128_125",
    "kind": "PNP",
    "bf": 125,
    "vaf": 102.012,
    "is": 1.22019e-7,
    "mjc": 0.332938,
    "br": 20.108,
    "isc": 1.21473e-7,
    "xti": 4.00087,
    "tr": 0.00000289094,
    "xtb": 1,
    "cjc": 3.75525e-12,
    "cje": 6.03526e-12,
    "xtf": 10.0489,
    "nf": 1,
    "var": 20.1365,
    "vtf": 2,
    "kf": 4.98864e-15,
    "re": 20.0584,
    "tf": 1.49382e-7,
    "ise": 4.34309e-10,
    "mjs": 0.498291,
    "irb": 0.00000499785,
    "vjc": 0.606818,
    "ikr": 0.0012538,
    "eg": 0.672804,
    "rbm": 43.189,
    "nc": 1.2104,
    "itf": 0.010104,
    "af": 1,
    "mje": 0.404644,
    "nr": 1,
    "ptf": 1,
    "rb": 174.451,
    "xcjc": 0.655329,
    "rc": 60.6468,
    "fc": 0.751726,
    "vjs": 0.702659,
    "vje": 0.401228,
    "ne": 1.20082,
    "ikf": 0.00999527
}