{
    "name": "AC128_87",
    "kind": "PNP",
    "bf": 87,
    "is": 8.65541e-8,
    "vaf": 103.367,

    "nr": 1,
    "fc": 0.748073,
    "ptf": 1,
    "ikr": 0.00124372,
    "rbm": 43.6268,
    "vtf": 2,
    "itf": 0.0100342,
    "xti": 4.00348,
    "br": 19.963,
    "vjc": 0.602031,
    "var": 20.1286,
    "ikf": 0.00999243,
    "xtf": 10.0023,
    "ne": 1.20573,
    "tf": 1.50352e-7,
    "eg": 0.67154,
    "nc": 1.20748,
    "mjc": 0.33322,
    "xtb": 1,
    "kf": 4.99599e-15,
    "cjc": 3.78498e-12,
    "cje": 6.0033e-12,
    "cjs": 0,
    "ise": 4.35453e-10,
    "nf": 1,
    "vjs": 0.706059,
    "xcjc": 0.65225,
    "rb": 175.405,
    "irb": 0.0000049781,
    "isc": 1.20545e-7,
    "af": 1,
    "tr": 0.00000285981,
    "mjs": 0.49856,
    "rc": 60.5102,
    "re": 20.1388,
    "mje": 0.399653,
    "vje": 0.400106
}