{
    "name": "BC557_200",
    "kind": "PNP",
    "vaf": 50.3862,
    "bf": 200,
    "is": 1.00788e-14,
    "ikf": 0.0905072,
    "cje": 1.19657e-11,
    "mje": 0.506081,
    "ne": 1.49616,
    "re": 1,
    "vje": 0.481134,
    "vjc": 0.707955,
    "tr": 3.02375e-7,
    "ise": 1.20831e-14,
    "ikr": 0.0119635,
    "mjc": 0.330451,
    "tf": 5.01251e-10,
    "cjc": 5.97312e-12,
    "br": 3.98458,
    "rb": 282.184,
    "rc": 40.2011,
    "nc": 2,
    "var": 10,
    "isc": 4.77332e-11,
    "kf": 2.01924e-15
}