{
    "name": "BC557",
    "kind": "PNP",
    "bf": 333,
    "is": 1.16271e-14,
    "vaf": 84.3249,
    "nf": 0.989742,
    "ne": 1.41235,
    "rc": 0.960001,
    "rb": 0.202287,
    "re": 0.399351,
    "cje": 1.59939e-11,
    "cjc": 1.05351e-11,
    "br": 13.1312,
    "ikf": 0.100695,
    "tf": 4.98737e-10,
    "vjc": 0.563043,
    "ikr": 0.0120877,
    "nc": 1.11161,
    "isc": 1.44419e-14,
    "mjc": 0.413293,
    "var": 8.16837,
    "ise": 5.01187e-14,
    "tr": 7.33771e-8,
    "nr": 0.999585
}