{
    "name": "BD136_340",
    "kind": "PNP",
    "is": 7.45878e-14,
    "vaf": 22.6617,
    "bf": 340,
    "vjs": 0.753219,
    "rbm": 0.505302,
    "irb": 9.99664e-7,
    "vje": 0.688426,
    "isc": 1.30191e-14,
    "mjc": 0.445305,
    "ikf": 0.170371,
    "itf": 1.29865,
    "ikr": 0.100051,
    "mje": 0.372016,
    "rc": 0.0551216,
    "var": 30.2366,
    "mjs": 0.335957,
    "cjc": 5.26891e-11,
    "cje": 1.06796e-10,
    "vjc": 0.643386,
    "ne": 1.05768,
    "rb": 0.499906,
    "re": 0.209724,
    "xtb": 0,
    "vtf": 2.38109,
    "tr": 1.00889e-25,
    "xcjc": 0.443958,
    "ptf": 0,
    "nc": 1.10404,
    "br": 14.0453,
    "nf": 0.995576,
    "tf": 2.57569e-10,
    "xtf": 13.6691,
    "eg": 1.10849,
    "ise": 4.0905e-16,
    "fc": 0.988315,
    "nr": 0.992922,
    "cjs": 0,
    "xti": 3
}