{
    "name": "BD136_180",
    "kind": "PNP",
    "bf": 180,
    "vaf": 96.5836,
    "is": 1.01186e-14,

    "br": 5.04472,
    "ne": 1.56417,
    "nc": 2,
    "mje": 0.379566,
    "vje": 0.774875,
    "fc": 0.804054,
    "qco": 1.00694e-10,
    "eg": 1.1096,
    "tf": 5.01893e-10,
    "vjc": 0.80193,
    "xtf": 0,
    "gamma": 4.98222e-9,
    "cjc": 6.04602e-11,
    "ikf": 2,
    "tr": 1.16296e-7,
    "rc": 0,
    "isc": 8.49245e-14,
    "xti": 3,
    "nk": 0.836562,
    "cje": 1.15988e-10,
    "xtb": 1.49938,
    "rco": 4.98522,
    "mjc": 0.400083,
    "ikr": 0,
    "ise": 1.34457e-13,
    "vtf": 10,
    "itf": 1
}