{
    "name": "BD140",
    "kind": "PNP",
    "bf": 655,
    "vaf": 10,
    "is": 1.00413e-9,
    "tf": 1.00828e-9,
    "kf": 0,
    "ikf": 0.0950742,
    "vtf": 10,
    "xti": 1,
    "isc": 1.00797e-8,
    "fc": 0.498698,
    "ise": 1.00582e-8,
    "vjc": 0.752375,
    "mjc": 0.328664,
    "nr": 1.5118,
    "mjs": 0.498713,
    "xcjc": 0.906513,
    "eg": 1.05445,
    "xtf": 1,
    "cjc": 1.01139e-11,
    "cje": 1.00062e-11,
    "rb": 41.9592,
    "re": 0.000346409,
    "rbm": 0.109979,
    "nc": 3.62075,
    "mje": 0.329446,
    "vjs": 0.750442,
    "rc": 1.33646,
    "var": 2.13584,
    "br": 56.7523,
    "itf": 0.0099795,
    "tr": 9.97274e-8,
    "ikr": 0.950936,
    "ne": 1.54599,
    "nf": 0.859635,
    "irb": 0.100722,
    "af": 1,
    "vje": 0.748569
}