{
    "name": "OC44",
    "kind": "PNP",
    "bf": 307,
    "vaf": 8.20527,
    "is": 0.00000140611,

    "ikr": 0.60936,
    "cje": 4.12503e-10,
    "ikf": 0.043806,
    "br": 20.0868,
    "isc": 2.14199e-7,
    "nc": 1.25765,
    "tr": 8.07869e-7,
    "ne": 1.33028,
    "cjc": 1.00456e-11,
    "rc": 1,
    "var": 15.0334,
    "re": 1,
    "ise": 3.11561e-8,
    "tf": 1.99816e-8,
    "rb": 32.9106
}