{
    "name": "S9012",
    "kind": "PNP",
    "bf": 141,
    "vaf": 48.1381,
    "is": 2.05826e-14,
    "br": 14.5779,
    "cjc": 1.9302e-11,
    "cje": 3.56811e-11,
    "eg": 1.09664,
    "fc": 0.505579,
    "ikf": 0.582931,
    "ikr": 0.421642,
    "irb": 0.00000799447,
    "isc": 1.61434e-15,
    "ise": 7.54704e-14,
    "mjc": 0.401017,
    "mje": 0.41625,
    "nc": 0.99769,
    "ne": 2,
    "nr": 1.01107,
    "rb": 57.6638,
    "rbm": 8.19086,
    "rc": 0.743015,
    "re": 0.0197554,
    "var": 85.8917,
    "vjc": 0.77933,
    "vje": 0.882302,
    "xcjc": 0.348293,
    "xtb": 1.40668,
    "xti": 3
}
