{
    "name": "2N2222A",
    "kind": "NPN",
    "is": 1.44079e-14,
    "bf": 256,
    "vaf": 75.0132,
    "br": 6.12635,
    "cjc": 7.35995e-12,
    "cje": 2.18677e-11,
    "eg": 1.11244,
    "fc": 0.505518,
    "ikf": 0.287123,
    "ikr": 0,
    "isc": 0,
    "ise": 1.44017e-14,
    "itf": 0.595473,
    "mjc": 0.341544,
    "mje": 0.379995,
    "nc": 2,
    "ne": 1.2989,
    "rb": 10,
    "rc": 1,
    "tf": 4.07223e-10,
    "tr": 4.70823e-8,
    "vjc": 0.742352,
    "vje": 0.744323,
    "vtf": 1.72447,
    "xtb": 1.5103,
    "xtf": 3,
    "xti": 3
}
