{
    "name": "2N3565",
    "kind": "NPN",
    "bf": 700,
    "is": 5.921468e-15,
    "vaf": 60.55,
    "ne": 1.35462485,
    "ikr": 0,
    "ise": 5.91222548e-15,
    "vtf": 4.1158135,
    "vje": 0.75,
    "tf": 8.2034784e-10,
    "itf": 0.3504453,
    "cje": 4.9711138742e-12,
    "cjc": 4.021338845e-12,
    "fc": 0.5,
    "vjc": 0.74974354,
    "xtb": 1.5,
    "tr": 4.691135432e-9,
    "rc": 1.6051384,
    "eg": 1.11,
    "mje": 0.40997435,
    "mjc": 0.31867435,
    "rb": 10.116452,
    "ikf": 0.01448342,
    "nc": 2,
    "xti": 3,
    "xtf": 7.0555132,
    "br": 1.288734352,
    "isc": 0
}
