{
    "name": "2N3904",
    "kind": "NPN",
    "bf": 205,
    "is": 1.26547e-10,
    "vaf": 998.433,
    "ptf": 0,
    "rbm": 0.632479,
    "vtf": 8.74751,
    "isc": 2.31414e-9,
    "vjs": 0.749273,
    "ne": 3.31282,
    "re": 0.0000995788,
    "tr": 6.85197e-8,
    "irb": 50.5208,
    "fc": 0.512359,
    "ikf": 0.0273521,
    "xtb": 0.100589,
    "cjc": 3.78079e-12,
    "tf": 4.23873e-10,
    "af": 1,
    "vjc": 0.402828,
    "nc": 1.99306,
    "ikr": 0.274173,
    "br": 20.7773,
    "var": 9.40218,
    "cjs": 0,
    "kf": 0,
    "mje": 0.256354,
    "nr": 2.89455,
    "rb": 5.83249,
    "nf": 1.50082,
    "mjc": 0.239341,
    "cje": 4.67206e-12,
    "xti": 1,
    "vje": 0.404156,
    "rc": 2.65908,
    "mjs": 0.502839,
    "itf": 0.0106626,
    "ise": 2.29887e-9,
    "xcjc": 0.79747,
    "xtf": 0.913471,
    "eg": 1.04619
}