{
    "name": "BC549",
    "kind": "NPN",
    "bf": 600,
    "is": 1.80869e-14,
    "vaf": 80.6995,
    "cje": 1.31413e-11,
    "re": 0.606890,
    "tr": 5.07954e-8,
    "tf": 6.44543e-10,
    "nc": 1.27008,
    "ikr": 0.0303035,
    "ise": 5.02239e-14,
    "nr": 1.01374,
    "ikf": 0.140155,
    "rb": 0.561475,
    "vjc": 0.545017,
    "ne": 1.46531,
    "mjc": 0.332467,
    "cjc": 3.98541e-12,
    "var": 12.4854,
    "isc": 1.73409e-13,
    "br": 35.9337,
    "nf": 0.995952,
    "rc": 0.250634
}