{
    "name": "BC547B",
    "kind": "NPN",
    "bf": 297,
    "vaf": 63.6101,
    "is": 2.39241e-14,
    "vtf": 2.63490,
    "xtb": 0,
    "var": 26.1389,
    "tf": 4.38308e-10,
    "ise": 3.53019e-15,
    "mje": 0.330233,
    "cjs": 0,
    "rbm": 1,
    "xtf": 120.496,
    "vjc": 0.400979,
    "ne": 1.55624,
    "eg": 1.11516,
    "ikr": 0.113891,
    "rb": 1,
    "isc": 6.27344e-14,
    "br": 8.04316,
    "mjc": 0.299117,
    "nf": 1.01017,
    "vjs": 0.748254,
    "itf": 0.748319,
    "nr": 1.00946,
    "xcjc": 0.623388,
    "re": 0.466560,
    "fc": 0.954819,
    "mjs": 0.336867,
    "vje": 0.654008,
    "cje": 1.35785e-11,
    "irb": 0.00000100778,
    "xti": 3,
    "rc": 0.858475,
    "ptf": 0,
    "nc": 1.23988,
    "ikf": 0.135701,
    "cjc": 3.74722e-12,
    "tr": 1.00512e-32
}