{
    "name": "BC547",
    "kind": "NPN",
    "bf": 327,
    "is": 5.10330e-14,
    "vaf": 155.321,
    "nf": 1,
    "rc": 0.361432,
    "tr": 1.38312e-7,
    "nr": 1,
    "var": 24.0840,
    "ise": 1.55821e-11,
    "ikr": 0.454978,
    "tf": 6.17167e-10,
    "ikf": 0.303563,
    "re": 0.912819,
    "rb": 3.61802,
    "cje": 2.10332e-11,
    "ne": 2,
    "br": 4.04442,
    "xtb": 1.51577,
    "cjc": 8.30955e-12
}