{
    "name": "BC546",
    "kind": "NPN",
    "bf": 478,
    "fc": 0.501582,
    "vtf": 3,
    "cjc": 6.35358e-12,
    "isc": 1.99229e-13,
    "irb": 0.000101167,
    "xtf": 20.2013,
    "is": 7.62597e-15,
    "itf": 0.599465,
    "vjc": 0.650972,
    "vje": 0.647225,
    "rbm": 10,
    "nr": 1,
    "nc": 1.20096,
    "re": 0.505542,
    "ise": 3.31511e-15,
    "ikf": 0.0961757,
    "br": 5.00367,
    "rc": 0.250158,
    "tf": 4.30190e-10,
    "cje": 1.26456e-11,
    "mje": 0.556516,
    "tr": 1.49662e-7,
    "mjc": 0.328893,
    "rb": 100.371,
    "vaf": 73.3330,
    "ikr": 0.0303148,
    "ne": 1.26821
}