{
    "name": "BD139",
    "kind": "NPN",
    "bf": 246,
    "vaf": 98.5355,
    "is": 2.41818e-13,
    "re": 0.0837864,
    "mje": 0.329372,
    "mjc": 0.396037,
    "eg": 1.21629,
    "nc": 1.44642,
    "cje": 2.92382e-10,
    "fc": 0.502317,
    "nr": 1.01834,
    "rb": 2.16170,
    "xti": 3,
    "ise": 1.04398e-14,
    "vjc": 0.526914,
    "ne": 1.20326,
    "xtb": 1.14606,
    "ikr": 0.144004,
    "vje": 0.674986,
    "nf": 1,
    "br": 77.9011,
    "xcjc": 0.529659,
    "rbm": 0.000998221,
    "irb": 0.0310956,
    "var": 7.52270,
    "rc": 0.0100137,
    "isc": 1.94726e-11,
    "ikf": 1.19426,
    "cjc": 4.87164e-11
}