{
    "name": "MPSA06",
    "kind": "NPN",
    "bf": 290,
    "br": 4,
    "cjc": 1.92613e-11,
    "cje": 5.79947e-11,
    "ikf": 0.30529,
    "ikr": 0.450535,
    "is": 5.06384e-14,
    "ise": 1.75893e-11,
    "mjc": 0.299976,
    "mje": 0.49412,
    "ne": 2,
    "nf": 1,
    "nr": 1,
    "rb": 0.418403,
    "rc": 0.040766,
    "re": 0.104736,
    "tf": 7.32844e-10,
    "tr": 5.11978e-7,
    "vaf": 161,
    "var": 16,
    "vjc": 0.29934,
    "vje": 1.10768,
    "xtb": 1.48193
}
