{
    "name": "MPSA13",
    "kind": "NPN",
    "vaf": 100.152,
    "bf": 9000,
    "is": 4.06779e-12,
    "ikr": 0.010107,
    "tr": 9.9656e-9,
    "cje": 2.00567e-12,
    "cjc": 8.55988e-12,
    "xtf": 10,
    "tf": 2.87229e-10,
    "itf": 1,
    "ikf": 0.0100248,
    "br": 0.101148,
    "mjc": 0.332467,
    "vtf": 10,
    "isc": 4.02454e-12,
    "var": 99.744
}