{
    "name": "2N5457",
    "kind": "JFET_N",
    "idss": 0.002135714285714286,
    "vto": -0.41328571428571437,
    "beta": 0.012106143097808247,
    "betatce": -0.5,
    "rd": 1,
    "rs": 1,
    "lambda": 0.0023178315424,
    "vtotc": -0.0025,
    "is": 1.81764287789563e-13,
    "xti": 3,
    "cgd": 4e-12,
    "cgs": 5e-12,
    "pb": 0.5,
    "fc": 0.5,
    "kf": 1e-17,
    "af": 1
}
