{
    "name": "2SK246",
    "kind": "JFET_N",
    "idss": 0.00352,
    "vto": -2.2199999999999998,
    "beta": 0.0007143979595909295,
    "rs": 50,
    "rd": 50,
    "betatce": -0.5,
    "lambda": 0.002817546,
    "vtotc": -0.0025643553,
    "cgd": 10e-12,
    "cgs": 5e-12,
    "pb": 0.40057,
    "fc": 0.5,
    "is": 11.2776794e-12,
    "xti": 3,
    "kf": 1e-18,
    "af": 1
}
