{
    "name": "2SK30A",
    "kind": "JFET_N",
    "idss": 0.004279,
    "vto": -2.5260000000000002,
    "beta": 0.0006698941404497806,
    "lambda": 0.0005,
    "rd": 5.5,
    "rs": 4.5,
    "is": 3e-15,
    "pb": 1,
    "fc": 0.5,
    "cgs": 15e-12,
    "cgd": 8e-12
}
