{
    "name": "BF245A",
    "kind": "JFET_N",
    "idss": 0.0032800000000000004,
    "vto": -0.4768,
    "beta": 0.013899364168575113,
    "betatce": -0.5,
    "lambda": 0.015,
    "rd": 10,
    "rs": 10,
    "cgs": 3e-12,
    "cgd": 3e-12,
    "pb": 0.8,
    "is": 2.9e-16,
    "xti": 3,
    "af": 1,
    "fc": 0.5
}