{
    "name": "J201",
    "kind": "JFET_N",
    "idss": 0.0006265,
    "vto": -0.870875,
    "beta": 0.000817387990561072,
    "lambda": 0.00302927,
    "rd": 1,
    "rs": 1,
    "cgs": 2.33067e-12,
    "cgd": 4.474250e-12,
    "pb": 0.6,
    "is": 204.867e-15,
    "b": 1,
    "kf": -2.31672e-3,
    "af": 1,
    "fc": 0.5,
    "tnom": 24,
    "vtotc": -2.31672e-3,
    "betatce": -0.5,
    "xti": 3.0
}