id,vto,idss
1,-0.385,0.00182
2,-0.391,0.00170
3,-0.400,0.00180
4,-0.480,0.00332
5,-0.382,0.00154
6,-0.381,0.00160
7,-0.474,0.00317

