id,vto,idss
1,-2.06,0.00315
2,-2.14,0.00335
3,-2.31,0.00374
4,-2.31,0.00373
5,-2.28,0.00363

