{
    "name": "1N4148",
    "kind": "DIODE",
    "is": 4.7582e-9,
    "n": 1.95969,
    "rs": 2.14024,
    "cjo": 4e-12,
    "vj": 0.6,
    "tt": 6e-9,
    "m": 0.45,
    "bv": 100
}