{
    "name": "1N5819",
    "kind": "DIODE",
    "is": 4.14809e-7,
    "n": 1.04287,
    "rs": 0.208896,

    "bv": 53.3,
    "ibv": 0.0006,
    "cjo": 1.44e-10,
    "vj": 1.45,
    "m": 0.671,
    "xti": 2,
    "tt": 7.2e-11
}

