{
    "name": "1N60P",
    "kind": "DIODE",
    "is": 1.47521e-8,
    "n": 0.96776,
    "rs": 4.0615,
    "cjo": 6e-12,
    "bv": 45,
    "tt": 1e-9,
    "ibv": 5e-7
}