{
    "name": "LED_WHITE",
    "kind": "DIODE",
    "is": 8.64162e-33,
    "n": 1.51971,
    "rs": 16.1687,
    "bv": 5,
    "ibv": 0.000009999999999999999,
    "cjo": 6.38e-11,
    "vj": 2,
    "m": 0.226,
    "fc": 0.5,
    "tt": 2.59e-8,
    "eg": 1.11,
    "xti": 3,
    "kf": 0,
    "af": 1
}
