{
    "name": "LED_BLUE",
    "kind": "DIODE",
    "is": 2.71397e-31,
    "n": 1.58324,
    "rs": 17.8994,
    "bv": 5,
    "ibv": 0.000009999999999999999,
    "cjo": 6.38e-11,
    "vj": 2,
    "m": 0.226,
    "fc": 0.5,
    "tt": 2.59e-8,
    "eg": 1.11,
    "xti": 3,
    "kf": 0,
    "af": 1
}
