{
    "name": "2N7000",
    "kind": "VDMOS",
    "cgdmax": 7.743265e-11,
    "cgdmin": 1.213464e-11,
    "cgs": 5e-11,
    "cjo": 5e-11,
    "is": 4.315146e-14,
    "kp": 0.170106,
    "mtriode": 1.248345,
    "qg": 1.498353e-9,
    "rb": 0.134465,
    "rd": 0,
    "rg": 3.042162,
    "ron": 2.1,
    "rs": 0.743525,
    "vds": 60,
    "vds_max": 60,
    "vto": 1.583346
}
