{
    "name": "2N7000_2",
    "kind": "NMOS",
    "level": 1,
    "cbd": 4.424835e-11,
    "cbs": 5.328654e-11,
    "cgbo": 1.176482e-7,
    "cgdo": 2.446585e-8,
    "cgso": 2.389885e-8,
    "gamma": 0.0000017575562,
    "is": 4.155464e-14,
    "kp": 0.170474,
    "l": 100e-6,
    "lambda": 0.001247,
    "mj": 0.461042,
    "pb": 0.818632,
    "phi": 0.748595,
    "rd": 0.351677,
    "rs": 0.448684,
    "vto": 2.42,
    "w": 100e-6
}
