{
    "name": "IRF540N",
    "kind": "VDMOS",
    "pchan": false,
    "vto": 3.707642,
    "is": 2.837846e-15,
    "cgdmax": "4.795n",
    "cgdmin": "75p",
    "cgs": 1.207624e-9,
    "cjo": "185.435p",
    "kp": 89.435324,
    "rb": 0.00137845,
    "rd": 0.00320153,
    "rg": 14.998243,
    "rs": 0.0354358,
    "vds": 100,
    "ksubthres": 0.1,
    "tt": 218.102e-9
}
