{
    "name": "IRLZ44N",
    "kind": "VDMOS",
    "vto": 2.1284324,
    "is": 9.7135468e-13,
    "vds": 55,
    "kp": 680.987543,
    "rs": 0.02401835,
    "rd": -0.00414482,
    "rg": 21.08705643,
    "rb": 0.007593816,
    "cjo": 2.7284362e-10,
    "cgdmin": 1.001823e-10,
    "cgdmax": 3.556217e-9,
    "cgs": 1.57434821e-9,
    "ksubthres": 0.1,
    "tt": 8.1437382e-8
}